2021-03-22 00:21:04.875723,SCREENSHOT THREAD, Time take from FormateScreenshotReader 2, 1556.8440341949463
2021-03-22 00:21:08.964277,SCREENSHOT THREAD, Time take from FormateScreenshotReader 2, 1.0777559280395508
2021-03-22 00:46:15.636446,SCREENSHOT THREAD, Time take from FormateScreenshotReader 2, 1.0936861038208008
2021-03-22 01:09:01.457274,SCREENSHOT THREAD, Time take from FormateScreenshotReader 2, 1.0746848583221436
2021-03-22 01:38:49.397298,SCREENSHOT THREAD, Time take from FormateScreenshotReader 2, 1.1943671703338623
2021-03-22 02:10:54.382550,SCREENSHOT THREAD, Time take from FormateScreenshotReader 2, 1921.9702458381653
2021-03-22 02:10:58.470194,SCREENSHOT THREAD, Time take from FormateScreenshotReader 2, 1.0740342140197754
2021-03-22 02:11:02.566231,SCREENSHOT THREAD, Time take from FormateScreenshotReader 2, 1.0844790935516357
2021-03-22 02:11:06.657546,SCREENSHOT THREAD, Time take from FormateScreenshotReader 2, 1.0799288749694824
2021-03-22 02:11:10.748500,SCREENSHOT THREAD, Time take from FormateScreenshotReader 2, 1.0796208381652832
2021-03-22 02:11:14.834899,SCREENSHOT THREAD, Time take from FormateScreenshotReader 2, 1.0751490592956543
2021-03-22 02:38:46.639481,SCREENSHOT THREAD, Time take from FormateScreenshotReader 2, 1.0823571681976318
2021-03-22 02:55:23.464374,SCREENSHOT THREAD, Time take from FormateScreenshotReader 2, 993.8126699924469
2021-03-22 02:55:27.553730,SCREENSHOT THREAD, Time take from FormateScreenshotReader 2, 1.0761339664459229
2021-03-22 03:11:22.324043,SCREENSHOT THREAD, Time take from FormateScreenshotReader 2, 1.0798578262329102
2021-03-22 03:40:51.184458,SCREENSHOT THREAD, Time take from FormateScreenshotReader 2, 1.0755352973937988
2021-03-22 04:10:46.871977,SCREENSHOT THREAD, Time take from FormateScreenshotReader 2, 1792.6808941364288
2021-03-22 04:10:50.963562,SCREENSHOT THREAD, Time take from FormateScreenshotReader 2, 1.0824651718139648
2021-03-22 04:20:20.753815,SCREENSHOT THREAD, Time take from FormateScreenshotReader 2, 1.0754787921905518
2021-03-22 04:52:59.933527,SCREENSHOT THREAD, Time take from FormateScreenshotReader 2, 1.0768661499023438
2021-03-22 04:53:04.018721,SCREENSHOT THREAD, Time take from FormateScreenshotReader 2, 1.0770318508148193
2021-03-22 04:53:08.101643,SCREENSHOT THREAD, Time take from FormateScreenshotReader 2, 1.0746479034423828
2021-03-22 04:53:12.189327,SCREENSHOT THREAD, Time take from FormateScreenshotReader 2, 1.0786559581756592
2021-03-22 04:53:16.275282,SCREENSHOT THREAD, Time take from FormateScreenshotReader 2, 1.0766279697418213
2021-03-22 04:53:20.366166,SCREENSHOT THREAD, Time take from FormateScreenshotReader 2, 1.0811431407928467
2021-03-22 05:10:24.168969,SCREENSHOT THREAD, Time take from FormateScreenshotReader 2, 1.0785260200500488
2021-03-22 05:40:51.816307,SCREENSHOT THREAD, Time take from FormateScreenshotReader 2, 1.0810208320617676
2021-03-22 06:05:22.607786,SCREENSHOT THREAD, Time take from FormateScreenshotReader 2, 1467.7814469337463
2021-03-22 06:05:26.693281,SCREENSHOT THREAD, Time take from FormateScreenshotReader 2, 1.0737590789794922
2021-03-22 06:22:19.548112,SCREENSHOT THREAD, Time take from FormateScreenshotReader 2, 1.0802562236785889
2021-03-22 06:37:02.360875,SCREENSHOT THREAD, Time take from FormateScreenshotReader 2, 1.0846898555755615
2021-03-22 06:55:13.496379,SCREENSHOT THREAD, Time take from FormateScreenshotReader 2, 1088.123764038086
2021-03-22 06:55:17.589339,SCREENSHOT THREAD, Time take from FormateScreenshotReader 2, 1.0800018310546875
2021-03-22 07:12:14.395971,SCREENSHOT THREAD, Time take from FormateScreenshotReader 2, 1.0792322158813477
2021-03-22 07:28:01.185143,SCREENSHOT THREAD, Time take from FormateScreenshotReader 2, 1.078334093093872
2021-03-22 07:59:40.077308,SCREENSHOT THREAD, Time take from FormateScreenshotReader 2, 1.0908067226409912
2021-03-22 08:25:18.150328,SCREENSHOT THREAD, Time take from FormateScreenshotReader 2, 1535.0617191791534
2021-03-22 08:25:22.241627,SCREENSHOT THREAD, Time take from FormateScreenshotReader 2, 1.0795300006866455
2021-03-22 08:25:26.329521,SCREENSHOT THREAD, Time take from FormateScreenshotReader 2, 1.079699993133545
2021-03-22 08:25:30.420527,SCREENSHOT THREAD, Time take from FormateScreenshotReader 2, 1.0823760032653809
2021-03-22 08:25:34.508769,SCREENSHOT THREAD, Time take from FormateScreenshotReader 2, 1.0782771110534668
2021-03-22 08:25:38.596034,SCREENSHOT THREAD, Time take from FormateScreenshotReader 2, 1.0770270824432373
2021-03-22 08:26:07.620910,SCREENSHOT THREAD, Time take from FormateScreenshotReader 2, 1.0768580436706543
2021-03-22 08:26:11.710306,SCREENSHOT THREAD, Time take from FormateScreenshotReader 2, 1.0807552337646484
2021-03-22 08:27:11.366942,SCREENSHOT THREAD, Time take from FormateScreenshotReader 2, 1.0880749225616455
2021-03-22 08:27:15.455440,SCREENSHOT THREAD, Time take from FormateScreenshotReader 2, 1.0763609409332275
2021-03-22 08:44:11.598919,SCREENSHOT THREAD, Time take from FormateScreenshotReader 2, 1.0892322063446045
2021-03-22 08:59:34.260833,SCREENSHOT THREAD, Time take from FormateScreenshotReader 2, 0.984943151473999
2021-03-22 09:16:49.106426,SCREENSHOT THREAD, Time take from FormateScreenshotReader 2, 1.1737868785858154
2021-03-22 09:43:07.915620,SCREENSHOT THREAD, Time take from FormateScreenshotReader 2, 1575.797446012497
2021-03-22 09:43:12.068694,SCREENSHOT THREAD, Time take from FormateScreenshotReader 2, 1.082188606262207
2021-03-22 10:00:14.920623,SCREENSHOT THREAD, Time take from FormateScreenshotReader 2, 1.079559326171875
2021-03-22 10:06:59.189354,SCREENSHOT THREAD, Time take from FormateScreenshotReader 2, 0.8286211490631104
2021-03-22 10:29:41.182485,MAIN THREAD,refresh,0
2021-03-22 10:29:41.290856,MAIN THREAD,refresh,0
2021-03-22 10:29:41.449559,MAIN THREAD,refresh,0
2021-03-22 10:29:41.677630,SCREENSHOT THREAD, Time take from FormateScreenshotReader 1, 0.4977738857269287
2021-03-22 10:29:41.684736,MAIN THREAD,render button from screenshot,0
2021-03-22 10:29:42.592764,SCREENSHOT THREAD, Time take from FormateScreenshotReader 2, 0.9083130359649658
2021-03-22 10:29:45.797636,FormateScreenshot.py, going up to find parent screenshot for [screenshot_reader_0_11_6720_2099]
2021-03-22 10:29:45.798780,MAIN THREAD,render button from screenshot,0
2021-03-22 10:29:45.798946,SCREENSHOT THREAD, Screen change detection [[screenshot_reader_0_0_3360_1080]], 0
2021-03-22 10:30:10.303797,SCREENSHOT THREAD, Time take from FormateScreenshotReader 1, 24.50392508506775
2021-03-22 10:30:10.312524,FormateScreenshot.py, replace [screenshot_reader_0_0_3360_1080] by [screenshot_reader_0_0_3360_1080]
2021-03-22 10:30:10.315171,MAIN THREAD,render button from screenshot,0
2021-03-22 10:30:11.195010,SCREENSHOT THREAD, Time take from FormateScreenshotReader 2, 0.881101131439209
2021-03-22 10:30:14.591040,FormateScreenshot.py, going up to find parent screenshot for [screenshot_reader_123_11_6720_2087]
2021-03-22 10:30:14.592104,MAIN THREAD,render button from screenshot,0
2021-03-22 10:30:14.592619,SCREENSHOT THREAD, Screen change detection [[screenshot_reader_0_0_3360_1080]], 0
2021-03-22 10:30:15.192319,SCREENSHOT THREAD, Time take from FormateScreenshotReader 1, 0.5993838310241699
2021-03-22 10:30:15.200306,FormateScreenshot.py, replace [screenshot_reader_0_0_3360_1080] by [screenshot_reader_0_0_3360_1080]
2021-03-22 10:30:15.201310,MAIN THREAD,render button from screenshot,0
2021-03-22 10:30:15.754296,MAIN THREAD,refresh,0
2021-03-22 10:30:16.230569,SCREENSHOT THREAD, Time take from FormateScreenshotReader 2, 1.029299020767212
2021-03-22 10:30:19.710569,FormateScreenshot.py, going up to find parent screenshot for [screenshot_reader_19_60_6133_2087]
2021-03-22 10:30:19.713043,MAIN THREAD,render button from screenshot,0
2021-03-22 10:30:19.713125,SCREENSHOT THREAD, Screen change detection [[screenshot_reader_0_0_3360_1080]], 0
2021-03-22 10:30:20.370963,SCREENSHOT THREAD, Time take from FormateScreenshotReader 1, 0.6573941707611084
2021-03-22 10:30:20.376473,FormateScreenshot.py, replace [screenshot_reader_0_0_3360_1080] by [screenshot_reader_0_0_3360_1080]
2021-03-22 10:30:20.377523,MAIN THREAD,render button from screenshot,0
2021-03-22 10:30:21.106500,SCREENSHOT THREAD, Time take from FormateScreenshotReader 2, 0.7287552356719971
2021-03-22 10:30:24.419045,FormateScreenshot.py, going up to find parent screenshot for [screenshot_reader_1938_50_6720_2087]
2021-03-22 10:30:24.421187,MAIN THREAD,render button from screenshot,0
2021-03-22 10:30:24.421936,SCREENSHOT THREAD, Screen change detection [[screenshot_reader_0_0_3360_1080]], 0
2021-03-22 10:30:24.974086,SCREENSHOT THREAD, Time take from FormateScreenshotReader 1, 0.5508642196655273
2021-03-22 10:30:24.975810,FormateScreenshot.py, replace [screenshot_reader_0_0_3360_1080] by [screenshot_reader_0_0_3360_1080]
2021-03-22 10:30:24.976788,MAIN THREAD,render button from screenshot,0
2021-03-22 10:30:25.673912,SCREENSHOT THREAD, Time take from FormateScreenshotReader 2, 0.6971359252929688
2021-03-22 10:30:28.903242,FormateScreenshot.py, going up to find parent screenshot for [screenshot_reader_2882_50_6720_2087]
2021-03-22 10:30:28.905133,MAIN THREAD,render button from screenshot,0
2021-03-22 10:30:28.905213,SCREENSHOT THREAD, Screen change detection [[screenshot_reader_0_0_3360_1080]], 0
2021-03-22 10:30:29.456576,SCREENSHOT THREAD, Time take from FormateScreenshotReader 1, 0.5507919788360596
2021-03-22 10:30:29.458033,FormateScreenshot.py, replace [screenshot_reader_0_0_3360_1080] by [screenshot_reader_0_0_3360_1080]
2021-03-22 10:30:29.459424,MAIN THREAD,render button from screenshot,0
2021-03-22 10:30:30.734970,SCREENSHOT THREAD, Time take from FormateScreenshotReader 2, 1.2755768299102783
2021-03-22 10:30:34.152447,FormateScreenshot.py, going up to find parent screenshot for [screenshot_reader_0_50_6720_2087]
2021-03-22 10:30:34.153386,SCREENSHOT THREAD, Screen change detection [[screenshot_reader_0_0_3360_1080]], 0
2021-03-22 10:30:34.153638,MAIN THREAD,render button from screenshot,0
2021-03-22 10:30:34.655347,SCREENSHOT THREAD, Time take from FormateScreenshotReader 1, 0.501079797744751
2021-03-22 10:30:34.657194,FormateScreenshot.py, replace [screenshot_reader_0_0_3360_1080] by [screenshot_reader_0_0_3360_1080]
2021-03-22 10:30:34.657811,MAIN THREAD,render button from screenshot,0
2021-03-22 10:30:35.533929,SCREENSHOT THREAD, Time take from FormateScreenshotReader 2, 0.8749339580535889
2021-03-22 10:30:38.756643,FormateScreenshot.py, going up to find parent screenshot for [screenshot_reader_2900_50_6055_2087]
2021-03-22 10:30:38.757450,SCREENSHOT THREAD, Screen change detection [[screenshot_reader_0_0_3360_1080]], 0
2021-03-22 10:30:38.757569,MAIN THREAD,render button from screenshot,0
2021-03-22 10:30:39.256628,SCREENSHOT THREAD, Time take from FormateScreenshotReader 1, 0.49770498275756836
2021-03-22 10:30:39.258216,FormateScreenshot.py, replace [screenshot_reader_0_0_3360_1080] by [screenshot_reader_0_0_3360_1080]
2021-03-22 10:30:39.259749,MAIN THREAD,render button from screenshot,0
2021-03-22 10:30:40.074524,SCREENSHOT THREAD, Time take from FormateScreenshotReader 2, 0.8151938915252686
2021-03-22 10:30:43.262152,FormateScreenshot.py, going up to find parent screenshot for [screenshot_reader_2902_60_6035_2087]
2021-03-22 10:30:43.263029,MAIN THREAD,render button from screenshot,0
2021-03-22 10:30:43.263293,SCREENSHOT THREAD, Screen change detection [[screenshot_reader_0_0_3360_1080]], 0
2021-03-22 10:30:43.759219,SCREENSHOT THREAD, Time take from FormateScreenshotReader 1, 0.4949488639831543
2021-03-22 10:30:43.760873,FormateScreenshot.py, replace [screenshot_reader_0_0_3360_1080] by [screenshot_reader_0_0_3360_1080]
2021-03-22 10:30:43.761865,MAIN THREAD,render button from screenshot,0
2021-03-22 10:30:44.421706,SCREENSHOT THREAD, Time take from FormateScreenshotReader 2, 0.6598889827728271
2021-03-22 10:30:47.629362,FormateScreenshot.py, going up to find parent screenshot for [screenshot_reader_2900_50_6017_2087]
2021-03-22 10:30:47.631799,MAIN THREAD,render button from screenshot,0
2021-03-22 10:30:47.633024,SCREENSHOT THREAD, Screen change detection [[screenshot_reader_0_0_3360_1080]], 0
2021-03-22 10:30:48.315887,SCREENSHOT THREAD, Time take from FormateScreenshotReader 1, 0.6815040111541748
2021-03-22 10:30:48.317172,FormateScreenshot.py, replace [screenshot_reader_0_0_3360_1080] by [screenshot_reader_0_0_3360_1080]
2021-03-22 10:30:48.318040,MAIN THREAD,render button from screenshot,0
2021-03-22 10:30:49.099054,SCREENSHOT THREAD, Time take from FormateScreenshotReader 2, 0.7811448574066162
2021-03-22 10:30:52.599235,FormateScreenshot.py, going up to find parent screenshot for [screenshot_reader_190_49_6720_2099]
2021-03-22 10:30:52.601668,MAIN THREAD,render button from screenshot,0
2021-03-22 10:30:52.603706,SCREENSHOT THREAD, Screen change detection [[screenshot_reader_0_0_3360_1080]], 0
2021-03-22 10:30:53.348788,SCREENSHOT THREAD, Time take from FormateScreenshotReader 1, 0.7435519695281982
2021-03-22 10:30:53.352582,FormateScreenshot.py, replace [screenshot_reader_0_0_3360_1080] by [screenshot_reader_0_0_3360_1080]
2021-03-22 10:30:53.355261,MAIN THREAD,render button from screenshot,0
2021-03-22 10:30:54.901096,SCREENSHOT THREAD, Time take from FormateScreenshotReader 2, 1.5467748641967773
2021-03-22 10:30:58.441844,FormateScreenshot.py, going up to find parent screenshot for [screenshot_reader_0_50_6615_2087]
2021-03-22 10:30:58.443551,SCREENSHOT THREAD, Screen change detection [[screenshot_reader_0_0_3360_1080]], 0
2021-03-22 10:30:59.275257,SCREENSHOT THREAD, Time take from FormateScreenshotReader 1, 0.8289670944213867
2021-03-22 10:30:59.277703,FormateScreenshot.py, replace [screenshot_reader_0_0_3360_1080] by [screenshot_reader_0_0_3360_1080]
2021-03-22 10:30:59.278455,MAIN THREAD,render button from screenshot,0
2021-03-22 10:31:00.415301,SCREENSHOT THREAD, Time take from FormateScreenshotReader 2, 1.1362202167510986
2021-03-22 10:31:03.708702,FormateScreenshot.py, going up to find parent screenshot for [screenshot_reader_2882_50_6720_2087]
2021-03-22 10:31:03.709264,MAIN THREAD,render button from screenshot,0
2021-03-22 10:31:03.709313,SCREENSHOT THREAD, Screen change detection [[screenshot_reader_0_0_3360_1080]], 0
2021-03-22 10:31:04.262031,SCREENSHOT THREAD, Time take from FormateScreenshotReader 1, 0.5520648956298828
2021-03-22 10:31:04.263636,FormateScreenshot.py, replace [screenshot_reader_0_0_3360_1080] by [screenshot_reader_0_0_3360_1080]
2021-03-22 10:31:04.264459,MAIN THREAD,render button from screenshot,0
2021-03-22 10:31:04.981111,SCREENSHOT THREAD, Time take from FormateScreenshotReader 2, 0.7165908813476562
2021-03-22 10:31:08.218861,FormateScreenshot.py, going up to find parent screenshot for [screenshot_reader_2882_50_6720_2087]
2021-03-22 10:31:08.220445,MAIN THREAD,render button from screenshot,0
2021-03-22 10:31:08.220919,SCREENSHOT THREAD, Screen change detection [[screenshot_reader_0_0_3360_1080]], 0
2021-03-22 10:31:08.772361,SCREENSHOT THREAD, Time take from FormateScreenshotReader 1, 0.550128698348999
2021-03-22 10:31:08.774052,FormateScreenshot.py, replace [screenshot_reader_0_0_3360_1080] by [screenshot_reader_0_0_3360_1080]
2021-03-22 10:31:08.774543,MAIN THREAD,render button from screenshot,0
2021-03-22 10:31:09.563689,SCREENSHOT THREAD, Time take from FormateScreenshotReader 2, 0.7884678840637207
2021-03-22 10:31:12.922058,FormateScreenshot.py, going up to find parent screenshot for [screenshot_reader_0_50_6720_2087]
2021-03-22 10:31:12.922868,MAIN THREAD,render button from screenshot,0
2021-03-22 10:31:12.922977,SCREENSHOT THREAD, Screen change detection [[screenshot_reader_0_0_3360_1080]], 0
2021-03-22 10:31:13.409495,SCREENSHOT THREAD, Time take from FormateScreenshotReader 1, 0.4857661724090576
2021-03-22 10:31:13.410892,FormateScreenshot.py, replace [screenshot_reader_0_0_3360_1080] by [screenshot_reader_0_0_3360_1080]
2021-03-22 10:31:13.411437,MAIN THREAD,render button from screenshot,0
2021-03-22 10:31:14.128321,SCREENSHOT THREAD, Time take from FormateScreenshotReader 2, 0.7167510986328125
2021-03-22 10:31:17.402391,FormateScreenshot.py, going up to find parent screenshot for [screenshot_reader_2900_50_5899_2087]
2021-03-22 10:31:17.403091,SCREENSHOT THREAD, Screen change detection [[screenshot_reader_0_0_3360_1080]], 0
2021-03-22 10:31:17.403190,MAIN THREAD,render button from screenshot,0
2021-03-22 10:31:17.999008,SCREENSHOT THREAD, Time take from FormateScreenshotReader 1, 0.5942592620849609
2021-03-22 10:31:18.000352,FormateScreenshot.py, replace [screenshot_reader_0_0_3360_1080] by [screenshot_reader_0_0_3360_1080]
2021-03-22 10:31:18.001235,MAIN THREAD,render button from screenshot,0
2021-03-22 10:31:18.687617,SCREENSHOT THREAD, Time take from FormateScreenshotReader 2, 0.6863329410552979
2021-03-22 10:31:21.946348,FormateScreenshot.py, going up to find parent screenshot for [screenshot_reader_2900_50_6322_2087]
2021-03-22 10:31:21.947121,MAIN THREAD,render button from screenshot,0
2021-03-22 10:31:21.947196,SCREENSHOT THREAD, Screen change detection [[screenshot_reader_0_0_3360_1080]], 0
2021-03-22 10:31:22.489322,SCREENSHOT THREAD, Time take from FormateScreenshotReader 1, 0.541654109954834
2021-03-22 10:31:22.490950,FormateScreenshot.py, replace [screenshot_reader_0_0_3360_1080] by [screenshot_reader_0_0_3360_1080]
2021-03-22 10:31:22.492377,MAIN THREAD,render button from screenshot,0
2021-03-22 10:31:23.221580,SCREENSHOT THREAD, Time take from FormateScreenshotReader 2, 0.7290592193603516
2021-03-22 10:31:26.474343,FormateScreenshot.py, going up to find parent screenshot for [screenshot_reader_2880_50_6720_2087]
2021-03-22 10:31:26.475403,MAIN THREAD,render button from screenshot,0
2021-03-22 10:31:26.475457,SCREENSHOT THREAD, Screen change detection [[screenshot_reader_0_0_3360_1080]], 0
2021-03-22 10:31:26.981598,SCREENSHOT THREAD, Time take from FormateScreenshotReader 1, 0.5059378147125244
2021-03-22 10:31:26.982975,FormateScreenshot.py, replace [screenshot_reader_0_0_3360_1080] by [screenshot_reader_0_0_3360_1080]
2021-03-22 10:31:26.983427,MAIN THREAD,render button from screenshot,0
2021-03-22 10:31:27.637933,SCREENSHOT THREAD, Time take from FormateScreenshotReader 2, 0.6540260314941406
2021-03-22 10:31:30.964689,FormateScreenshot.py, going up to find parent screenshot for [screenshot_reader_2900_50_6322_2087]
2021-03-22 10:31:30.965194,SCREENSHOT THREAD, Screen change detection [[screenshot_reader_0_0_3360_1080]], 0
2021-03-22 10:31:30.965240,MAIN THREAD,render button from screenshot,0
2021-03-22 10:31:31.481176,SCREENSHOT THREAD, Time take from FormateScreenshotReader 1, 0.5156176090240479
2021-03-22 10:31:31.483884,FormateScreenshot.py, replace [screenshot_reader_0_0_3360_1080] by [screenshot_reader_0_0_3360_1080]
2021-03-22 10:31:31.484921,MAIN THREAD,render button from screenshot,0
2021-03-22 10:31:32.298393,SCREENSHOT THREAD, Time take from FormateScreenshotReader 2, 0.8136599063873291
2021-03-22 10:31:35.795595,FormateScreenshot.py, going up to find parent screenshot for [screenshot_reader_0_50_6307_2087]
2021-03-22 10:31:35.796446,MAIN THREAD,render button from screenshot,0
2021-03-22 10:31:35.796684,SCREENSHOT THREAD, Screen change detection [[screenshot_reader_0_0_3360_1080]], 0
2021-03-22 10:31:36.664554,SCREENSHOT THREAD, Time take from FormateScreenshotReader 1, 0.8670992851257324
2021-03-22 10:31:36.666758,FormateScreenshot.py, replace [screenshot_reader_0_0_3360_1080] by [screenshot_reader_0_0_3360_1080]
2021-03-22 10:31:36.668993,MAIN THREAD,render button from screenshot,0
2021-03-22 10:31:37.894138,SCREENSHOT THREAD, Time take from FormateScreenshotReader 2, 1.2251288890838623
2021-03-22 10:31:41.517423,FormateScreenshot.py, going up to find parent screenshot for [screenshot_reader_0_50_6720_2087]
2021-03-22 10:31:41.519157,SCREENSHOT THREAD, Screen change detection [[screenshot_reader_0_0_3360_1080]], 0
2021-03-22 10:31:41.519433,MAIN THREAD,render button from screenshot,0
2021-03-22 10:31:42.084647,SCREENSHOT THREAD, Time take from FormateScreenshotReader 1, 0.5649068355560303
2021-03-22 10:31:42.087388,FormateScreenshot.py, replace [screenshot_reader_0_0_3360_1080] by [screenshot_reader_0_0_3360_1080]
2021-03-22 10:31:42.087919,MAIN THREAD,render button from screenshot,0
2021-03-22 10:31:43.324325,SCREENSHOT THREAD, Time take from FormateScreenshotReader 2, 1.23636794090271
2021-03-22 10:31:46.990434,FormateScreenshot.py, going up to find parent screenshot for [screenshot_reader_0_49_6720_2099]
2021-03-22 10:31:46.991973,MAIN THREAD,render button from screenshot,0
2021-03-22 10:31:46.992020,SCREENSHOT THREAD, Screen change detection [[screenshot_reader_0_0_3360_1080]], 0
2021-03-22 10:31:47.625316,SCREENSHOT THREAD, Time take from FormateScreenshotReader 1, 0.6193881034851074
2021-03-22 10:31:47.627244,FormateScreenshot.py, replace [screenshot_reader_0_0_3360_1080] by [screenshot_reader_0_0_3360_1080]
2021-03-22 10:31:47.630743,MAIN THREAD,render button from screenshot,0
2021-03-22 10:31:48.568822,SCREENSHOT THREAD, Time take from FormateScreenshotReader 2, 0.9379279613494873
2021-03-22 10:31:52.041859,FormateScreenshot.py, going up to find parent screenshot for [screenshot_reader_12_8_6243_2087]
2021-03-22 10:31:52.043336,MAIN THREAD,render button from screenshot,0
2021-03-22 10:31:52.043375,SCREENSHOT THREAD, Screen change detection [[screenshot_reader_0_0_3360_1080]], 0
2021-03-22 10:31:52.765891,SCREENSHOT THREAD, Time take from FormateScreenshotReader 1, 0.7220349311828613
2021-03-22 10:31:52.767969,FormateScreenshot.py, replace [screenshot_reader_0_0_3360_1080] by [screenshot_reader_0_0_3360_1080]
2021-03-22 10:31:52.770299,MAIN THREAD,render button from screenshot,0
2021-03-22 10:31:53.774546,SCREENSHOT THREAD, Time take from FormateScreenshotReader 2, 1.004723072052002
2021-03-22 10:31:57.079321,FormateScreenshot.py, going up to find parent screenshot for [screenshot_reader_2472_50_6223_2087]
2021-03-22 10:31:57.080329,SCREENSHOT THREAD, Screen change detection [[screenshot_reader_0_0_3360_1080]], 0
2021-03-22 10:31:57.844991,SCREENSHOT THREAD, Time take from FormateScreenshotReader 1, 0.7643988132476807
2021-03-22 10:31:57.847937,FormateScreenshot.py, replace [screenshot_reader_0_0_3360_1080] by [screenshot_reader_0_0_3360_1080]
2021-03-22 10:31:59.548029,SCREENSHOT THREAD, Time take from FormateScreenshotReader 2, 1.6992712020874023
2021-03-22 10:32:02.919530,FormateScreenshot.py, going up to find parent screenshot for [screenshot_reader_1627_52_6203_2087]
2021-03-22 10:32:02.919979,SCREENSHOT THREAD, Screen change detection [[screenshot_reader_0_0_3360_1080]], 0
2021-03-22 10:32:03.623687,SCREENSHOT THREAD, Time take from FormateScreenshotReader 1, 0.7035150527954102
2021-03-22 10:32:03.626098,FormateScreenshot.py, replace [screenshot_reader_0_0_3360_1080] by [screenshot_reader_0_0_3360_1080]
2021-03-22 10:32:04.799685,SCREENSHOT THREAD, Time take from FormateScreenshotReader 2, 1.1728498935699463
2021-03-22 10:58:19.170442,MAIN THREAD,refresh,0
2021-03-22 10:58:19.269103,MAIN THREAD,refresh,0
2021-03-22 10:58:19.830217,MAIN THREAD,refresh,0
2021-03-22 10:58:20.162669,SCREENSHOT THREAD, Time take from FormateScreenshotReader 1, 0.9927511215209961
2021-03-22 10:58:20.176168,MAIN THREAD,render button from screenshot,0
2021-03-22 10:58:43.494807,SCREENSHOT THREAD, Time take from FormateScreenshotReader 2, 23.314882278442383
2021-03-22 10:58:46.716850,FormateScreenshot.py, going up to find parent screenshot for [screenshot_reader_0_11_6720_2160]
2021-03-22 10:58:46.723422,SCREENSHOT THREAD, Screen change detection [[screenshot_reader_0_0_3360_1080]], 0
2021-03-22 10:58:46.724822,MAIN THREAD,render button from screenshot,0
2021-03-22 10:58:47.215182,SCREENSHOT THREAD, Time take from FormateScreenshotReader 1, 0.48970603942871094
2021-03-22 10:58:47.217957,FormateScreenshot.py, replace [screenshot_reader_0_0_3360_1080] by [screenshot_reader_0_0_3360_1080]
2021-03-22 10:58:47.219945,MAIN THREAD,render button from screenshot,0
2021-03-22 10:58:47.868094,SCREENSHOT THREAD, Time take from FormateScreenshotReader 2, 0.6485600471496582
2021-03-22 10:58:51.039633,FormateScreenshot.py, going up to find parent screenshot for [screenshot_reader_2940_241_6701_1965]
2021-03-22 10:58:51.040649,SCREENSHOT THREAD, Screen change detection [[screenshot_reader_0_0_3360_1080]], 0
2021-03-22 10:58:51.486919,SCREENSHOT THREAD, Time take from FormateScreenshotReader 1, 0.44597315788269043
2021-03-22 10:58:51.488081,FormateScreenshot.py, replace [screenshot_reader_0_0_3360_1080] by [screenshot_reader_0_0_3360_1080]
2021-03-22 10:58:52.108054,SCREENSHOT THREAD, Time take from FormateScreenshotReader 2, 0.6189968585968018
2021-03-22 10:58:55.309737,FormateScreenshot.py, going up to find parent screenshot for [screenshot_reader_2940_239_6701_1965]
2021-03-22 10:58:55.310373,SCREENSHOT THREAD, Screen change detection [[screenshot_reader_0_0_3360_1080]], 0
2021-03-22 10:58:55.710858,SCREENSHOT THREAD, Time take from FormateScreenshotReader 1, 0.4001920223236084
2021-03-22 10:58:55.712286,FormateScreenshot.py, replace [screenshot_reader_0_0_3360_1080] by [screenshot_reader_0_0_3360_1080]
2021-03-22 10:58:56.380677,SCREENSHOT THREAD, Time take from FormateScreenshotReader 2, 0.6678071022033691
2021-03-22 10:58:59.597044,FormateScreenshot.py, going up to find parent screenshot for [screenshot_reader_2472_241_6701_1965]
2021-03-22 10:58:59.597449,SCREENSHOT THREAD, Screen change detection [[screenshot_reader_0_0_3360_1080]], 0
2021-03-22 10:59:00.000622,SCREENSHOT THREAD, Time take from FormateScreenshotReader 1, 0.4029209613800049
2021-03-22 10:59:00.001739,FormateScreenshot.py, replace [screenshot_reader_0_0_3360_1080] by [screenshot_reader_0_0_3360_1080]
2021-03-22 10:59:00.674462,SCREENSHOT THREAD, Time take from FormateScreenshotReader 2, 0.6722660064697266
2021-03-22 10:59:03.736483,FormateScreenshot.py, going up to find parent screenshot for [screenshot_reader_5911_241_6701_1929]
2021-03-22 10:59:03.736913,SCREENSHOT THREAD, Screen change detection [[screenshot_reader_0_0_3360_1080]], 0
2021-03-22 10:59:04.135458,SCREENSHOT THREAD, Time take from FormateScreenshotReader 1, 0.39825987815856934
2021-03-22 10:59:04.136702,FormateScreenshot.py, replace [screenshot_reader_0_0_3360_1080] by [screenshot_reader_0_0_3360_1080]
2021-03-22 10:59:04.823807,SCREENSHOT THREAD, Time take from FormateScreenshotReader 2, 0.6865642070770264
2021-03-22 10:59:07.950816,FormateScreenshot.py, going up to find parent screenshot for [screenshot_reader_4563_241_6701_1929]
2021-03-22 10:59:07.951256,SCREENSHOT THREAD, Screen change detection [[screenshot_reader_0_0_3360_1080]], 0
2021-03-22 11:36:16.661015,MAIN THREAD,refresh,0
2021-03-22 11:36:16.835683,MAIN THREAD,refresh,0
2021-03-22 11:36:16.978402,MAIN THREAD,refresh,0
2021-03-22 11:36:17.223130,SCREENSHOT THREAD, Time take from FormateScreenshotReader 1, 0.562248945236206
2021-03-22 11:37:13.321853,MAIN THREAD,refresh,0
2021-03-22 11:37:13.366265,MAIN THREAD,refresh,0
2021-03-22 11:37:13.420595,MAIN THREAD,refresh,0
2021-03-22 11:37:38.871816,MAIN THREAD,refresh,0
2021-03-22 11:37:38.937021,MAIN THREAD,refresh,0
2021-03-22 11:37:39.138061,MAIN THREAD,refresh,0
2021-03-22 11:37:39.328016,SCREENSHOT THREAD, Time take from FormateScreenshotReader 1, 0.4662342071533203
2021-03-22 11:37:57.378063,MAIN THREAD,refresh,0
2021-03-22 11:39:02.370164,MAIN THREAD,refresh,0
2021-03-22 11:39:02.419072,MAIN THREAD,refresh,0
2021-03-22 11:39:02.816419,MAIN THREAD,refresh,0
2021-03-22 11:39:03.019550,SCREENSHOT THREAD, Time take from FormateScreenshotReader 1, 0.6498138904571533
2021-03-22 11:39:03.033900,MAIN THREAD,render button from screenshot,0
2021-03-22 11:39:04.484792,SCREENSHOT THREAD, Time take from FormateScreenshotReader 2, 1.4528348445892334
2021-03-22 11:41:07.872984,MAIN THREAD,refresh,0
2021-03-22 11:41:07.961715,MAIN THREAD,refresh,0
2021-03-22 11:41:08.181964,MAIN THREAD,refresh,0
2021-03-22 11:41:08.498833,SCREENSHOT THREAD, Time take from FormateScreenshotReader 1, 0.6290371417999268
2021-03-22 11:41:08.529295,MAIN THREAD,render button from screenshot,0
2021-03-22 11:41:09.272270,SCREENSHOT THREAD, Time take from FormateScreenshotReader 2, 0.7501928806304932
2021-03-22 11:43:11.762262,MAIN THREAD,refresh,0
2021-03-22 11:43:11.797330,MAIN THREAD,refresh,0
2021-03-22 11:43:11.951109,MAIN THREAD,refresh,0
2021-03-22 11:43:12.850767,SCREENSHOT THREAD, Time take from FormateScreenshotReader 1, 1.092726707458496
2021-03-22 11:43:12.886036,MAIN THREAD,render button from screenshot,0
2021-03-22 11:44:26.258842,SCREENSHOT THREAD, Time take from FormateScreenshotReader 2, 73.37735033035278
2021-03-22 11:44:30.315067,FormateScreenshot.py, going up to find parent screenshot for [screenshot_reader_0_11_6720_2160]
2021-03-22 11:44:30.321738,SCREENSHOT THREAD, Screen change detection [[screenshot_reader_0_0_3360_1080]], 0
2021-03-22 11:44:30.350608,MAIN THREAD,render button from screenshot,0
2021-03-22 11:44:31.651981,SCREENSHOT THREAD, Time take from FormateScreenshotReader 1, 1.3240890502929688
2021-03-22 12:29:48.839996,MAIN THREAD,refresh,0
2021-03-22 12:29:48.895992,MAIN THREAD,refresh,0
2021-03-22 12:29:48.989106,MAIN THREAD,refresh,0
2021-03-22 12:29:49.283274,SCREENSHOT THREAD, Time take from FormateScreenshotReader 1, 0.44360923767089844
2021-03-22 12:36:21.724326,MAIN THREAD,refresh,0
2021-03-22 12:36:21.785000,MAIN THREAD,refresh,0
2021-03-22 12:36:21.911085,MAIN THREAD,refresh,0
2021-03-22 12:36:22.125362,SCREENSHOT THREAD, Time take from FormateScreenshotReader 1, 0.4107639789581299
2021-03-22 12:39:19.614147,MAIN THREAD,refresh,0
2021-03-22 12:39:47.109515,MAIN THREAD,refresh,0
2021-03-22 12:39:47.152875,MAIN THREAD,refresh,0
2021-03-22 12:39:47.193982,MAIN THREAD,refresh,0
2021-03-22 12:40:14.407532,SCREENSHOT THREAD, Time take from FormateScreenshotReader 1, 27.309717893600464
2021-03-22 12:40:14.436690,MAIN THREAD,render button from screenshot,0
2021-03-22 12:40:16.323457,SCREENSHOT THREAD, Time take from FormateScreenshotReader 2, 1.88810396194458
2021-03-22 12:40:20.056990,FormateScreenshot.py, going up to find parent screenshot for [screenshot_reader_0_11_6720_2160]
2021-03-22 12:40:20.102547,SCREENSHOT THREAD, Screen change detection [[screenshot_reader_0_0_3360_1080]], 0
2021-03-22 12:40:20.102665,MAIN THREAD,render button from screenshot,0
2021-03-22 12:40:21.787391,SCREENSHOT THREAD, Time take from FormateScreenshotReader 1, 1.6298692226409912
2021-03-22 12:40:21.828698,FormateScreenshot.py, replace [screenshot_reader_0_0_3360_1080] by [screenshot_reader_0_0_3360_1080]
2021-03-22 12:40:21.881659,MAIN THREAD,render button from screenshot,0
2021-03-22 12:40:23.752849,SCREENSHOT THREAD, Time take from FormateScreenshotReader 2, 1.8654770851135254
2021-03-22 12:40:27.488661,FormateScreenshot.py, going up to find parent screenshot for [screenshot_reader_0_50_6720_2141]
2021-03-22 12:40:27.578661,MAIN THREAD,render button from screenshot,0
2021-03-22 12:40:27.585805,SCREENSHOT THREAD, Screen change detection [[screenshot_reader_0_0_3360_1080]], 0
2021-03-22 12:40:29.678497,SCREENSHOT THREAD, Time take from FormateScreenshotReader 1, 2.0917587280273438
2021-03-22 12:40:29.787169,FormateScreenshot.py, replace [screenshot_reader_0_0_3360_1080] by [screenshot_reader_0_0_3360_1080]
2021-03-22 12:40:29.812707,MAIN THREAD,render button from screenshot,0
2021-03-22 12:40:33.307030,SCREENSHOT THREAD, Time take from FormateScreenshotReader 2, 3.409475088119507
2021-03-22 12:40:38.744465,FormateScreenshot.py, going up to find parent screenshot for [screenshot_reader_0_50_6701_2143]
2021-03-22 12:40:38.968150,MAIN THREAD,render button from screenshot,0
2021-03-22 12:40:39.032033,SCREENSHOT THREAD, Screen change detection [[screenshot_reader_0_0_3360_1080]], 0
2021-03-22 12:40:41.961325,SCREENSHOT THREAD, Time take from FormateScreenshotReader 1, 2.850877046585083
2021-03-22 12:40:42.165272,FormateScreenshot.py, replace [screenshot_reader_0_0_3360_1080] by [screenshot_reader_0_0_3360_1080]
2021-03-22 12:40:42.366513,MAIN THREAD,render button from screenshot,0
2021-03-22 12:40:47.823970,SCREENSHOT THREAD, Time take from FormateScreenshotReader 2, 5.552255153656006
2021-03-22 12:40:54.296784,FormateScreenshot.py, going up to find parent screenshot for [screenshot_reader_282_50_6720_2160]
2021-03-22 12:40:54.509650,MAIN THREAD,render button from screenshot,0
2021-03-22 12:40:54.516429,SCREENSHOT THREAD, Screen change detection [[screenshot_reader_0_0_3360_1080]], 0
2021-03-22 12:40:59.206966,SCREENSHOT THREAD, Time take from FormateScreenshotReader 1, 4.570500135421753
2021-03-22 12:40:59.483330,FormateScreenshot.py, replace [screenshot_reader_0_0_3360_1080] by [screenshot_reader_0_0_3360_1080]
2021-03-22 12:40:59.644244,MAIN THREAD,render button from screenshot,0
2021-03-22 12:41:26.816266,SCREENSHOT THREAD, Time take from FormateScreenshotReader 2, 26.95236301422119
2021-03-22 12:41:35.054865,FormateScreenshot.py, going up to find parent screenshot for [screenshot_reader_0_50_6701_2141]
2021-03-22 12:41:35.403901,MAIN THREAD,render button from screenshot,0
2021-03-22 12:41:35.447508,SCREENSHOT THREAD, Screen change detection [[screenshot_reader_0_0_3360_1080]], 0
2021-03-22 12:41:41.131782,SCREENSHOT THREAD, Time take from FormateScreenshotReader 1, 5.0715250968933105
2021-03-22 12:41:42.154798,FormateScreenshot.py, replace [screenshot_reader_0_0_3360_1080] by [screenshot_reader_0_0_3360_1080]
2021-03-22 12:41:42.384798,MAIN THREAD,render button from screenshot,0
2021-03-22 12:41:48.639674,MAIN THREAD,refresh,0
2021-03-22 12:41:52.506269,SCREENSHOT THREAD, Time take from FormateScreenshotReader 2, 10.137122869491577
2021-03-22 12:42:00.233174,FormateScreenshot.py, going up to find parent screenshot for [screenshot_reader_358_241_6701_2001]
2021-03-22 12:42:00.520664,SCREENSHOT THREAD, Screen change detection [[screenshot_reader_0_0_3360_1080]], 0
2021-03-22 12:42:07.369140,SCREENSHOT THREAD, Time take from FormateScreenshotReader 1, 6.617013692855835
2021-03-22 12:42:07.875544,FormateScreenshot.py, replace [screenshot_reader_0_0_3360_1080] by [screenshot_reader_0_0_3360_1080]
2021-03-22 12:42:08.211713,MAIN THREAD,render button from screenshot,0
2021-03-22 16:44:19.382916,MAIN THREAD,refresh,0
2021-03-22 16:44:19.651141,MAIN THREAD,refresh,0
2021-03-22 16:44:20.072285,MAIN THREAD,refresh,0
2021-03-22 16:44:20.299173,SCREENSHOT THREAD, Time take from FormateScreenshotReader 1, 0.9170272350311279
2021-03-22 16:44:20.541079,MAIN THREAD,render button from screenshot,0
2021-03-22 16:44:21.300614,SCREENSHOT THREAD, Time take from FormateScreenshotReader 2, 0.981921911239624
2021-03-22 16:44:25.069013,FormateScreenshot.py, going up to find parent screenshot for [screenshot_reader_0_7_6720_2160]
2021-03-22 16:44:25.069577,MAIN THREAD,render button from screenshot,0
2021-03-22 16:44:25.099736,SCREENSHOT THREAD, Screen change detection [[screenshot_reader_0_0_3360_1080]], 0
2021-03-22 16:44:26.929162,SCREENSHOT THREAD, Time take from FormateScreenshotReader 1, 1.7517399787902832
2021-03-22 16:44:26.953534,FormateScreenshot.py, replace [screenshot_reader_0_0_3360_1080] by [screenshot_reader_0_0_3360_1080]
2021-03-22 16:44:26.953874,MAIN THREAD,render button from screenshot,0
2021-03-22 16:44:29.329503,SCREENSHOT THREAD, Time take from FormateScreenshotReader 2, 2.3710920810699463
2021-03-22 16:45:15.604693,MAIN THREAD,refresh,0
2021-03-22 16:45:15.641944,MAIN THREAD,refresh,0
2021-03-22 16:45:36.132524,MAIN THREAD,refresh,0
2021-03-22 16:45:36.445093,MAIN THREAD,refresh,0
2021-03-22 16:45:36.615196,SCREENSHOT THREAD, Time take from FormateScreenshotReader 1, 21.011313915252686
2021-03-22 16:45:36.650301,MAIN THREAD,render button from screenshot,0
2021-03-22 16:45:37.300916,SCREENSHOT THREAD, Time take from FormateScreenshotReader 2, 0.6753249168395996
2021-03-22 16:45:41.100990,FormateScreenshot.py, going up to find parent screenshot for [screenshot_reader_0_11_6720_2160]
2021-03-22 16:45:41.126470,MAIN THREAD,render button from screenshot,0
2021-03-22 16:45:41.135663,SCREENSHOT THREAD, Screen change detection [[screenshot_reader_0_0_3360_1080]], 0
2021-03-22 16:45:42.698198,SCREENSHOT THREAD, Time take from FormateScreenshotReader 1, 1.5361242294311523
2021-03-22 16:45:42.844152,FormateScreenshot.py, replace [screenshot_reader_0_0_3360_1080] by [screenshot_reader_0_0_3360_1080]
2021-03-22 16:45:42.844443,MAIN THREAD,render button from screenshot,0
2021-03-22 16:45:44.946092,SCREENSHOT THREAD, Time take from FormateScreenshotReader 2, 2.1009180545806885
2021-03-22 16:45:48.663018,FormateScreenshot.py, going up to find parent screenshot for [screenshot_reader_0_50_6601_2143]
2021-03-22 16:45:48.663307,SCREENSHOT THREAD, Screen change detection [[screenshot_reader_0_0_3360_1080]], 0
2021-03-22 16:45:48.680553,MAIN THREAD,render button from screenshot,0
2021-03-22 16:45:49.804051,SCREENSHOT THREAD, Time take from FormateScreenshotReader 1, 1.1297328472137451
2021-03-22 16:45:49.853069,FormateScreenshot.py, replace [screenshot_reader_0_0_3360_1080] by [screenshot_reader_0_0_3360_1080]
2021-03-22 16:45:49.862798,MAIN THREAD,render button from screenshot,0
2021-03-22 16:45:52.101427,SCREENSHOT THREAD, Time take from FormateScreenshotReader 2, 2.2703139781951904
2021-03-22 16:45:56.767800,FormateScreenshot.py, going up to find parent screenshot for [screenshot_reader_0_50_6720_2160]
2021-03-22 16:45:56.784069,SCREENSHOT THREAD, Screen change detection [[screenshot_reader_0_0_3360_1080]], 0
2021-03-22 16:45:56.785013,MAIN THREAD,render button from screenshot,0
2021-03-22 17:07:25.247142,MAIN THREAD,refresh,0
2021-03-22 17:07:25.319262,MAIN THREAD,refresh,0
2021-03-22 17:07:25.568935,MAIN THREAD,refresh,0
2021-03-22 17:07:25.652557,SCREENSHOT THREAD, Time take from FormateScreenshotReader 1, 0.4061460494995117
2021-03-22 17:07:25.759964,MAIN THREAD,render button from screenshot,0
2021-03-22 17:07:26.884546,SCREENSHOT THREAD, Time take from FormateScreenshotReader 2, 1.2221980094909668
2021-03-22 17:07:55.136629,FormateScreenshot.py, going up to find parent screenshot for [screenshot_reader_0_11_6720_2160]
2021-03-22 17:07:55.141625,MAIN THREAD,render button from screenshot,0
2021-03-22 17:07:55.150130,SCREENSHOT THREAD, Screen change detection [[screenshot_reader_0_0_3360_1080]], 0
2021-03-22 17:07:56.406604,SCREENSHOT THREAD, Time take from FormateScreenshotReader 1, 1.2539300918579102
2021-03-22 17:07:56.525356,FormateScreenshot.py, replace [screenshot_reader_0_0_3360_1080] by [screenshot_reader_0_0_3360_1080]
2021-03-22 17:07:56.529026,MAIN THREAD,render button from screenshot,0
2021-03-22 17:07:58.279711,SCREENSHOT THREAD, Time take from FormateScreenshotReader 2, 1.7848131656646729
2021-03-22 17:08:02.000079,FormateScreenshot.py, going up to find parent screenshot for [screenshot_reader_0_50_6720_2160]
2021-03-22 17:08:02.000354,MAIN THREAD,render button from screenshot,0
2021-03-22 17:08:02.015093,SCREENSHOT THREAD, Screen change detection [[screenshot_reader_0_0_3360_1080]], 0
2021-03-22 17:08:03.228762,SCREENSHOT THREAD, Time take from FormateScreenshotReader 1, 1.2128798961639404
2021-03-22 17:08:03.253455,FormateScreenshot.py, replace [screenshot_reader_0_0_3360_1080] by [screenshot_reader_0_0_3360_1080]
2021-03-22 17:08:03.253694,MAIN THREAD,render button from screenshot,0
2021-03-22 17:08:04.998213,SCREENSHOT THREAD, Time take from FormateScreenshotReader 2, 1.7584800720214844
2021-03-22 17:08:08.889974,FormateScreenshot.py, going up to find parent screenshot for [screenshot_reader_345_379_6445_1690]
2021-03-22 17:08:08.903601,MAIN THREAD,render button from screenshot,0
2021-03-22 17:08:08.904546,SCREENSHOT THREAD, Screen change detection [[screenshot_reader_0_0_3360_1080]], 0
2021-03-22 17:08:10.631697,SCREENSHOT THREAD, Time take from FormateScreenshotReader 1, 1.7054929733276367
2021-03-22 17:08:10.650765,FormateScreenshot.py, replace [screenshot_reader_0_0_3360_1080] by [screenshot_reader_0_0_3360_1080]
2021-03-22 17:08:10.695519,MAIN THREAD,render button from screenshot,0
2021-03-22 17:08:13.271763,SCREENSHOT THREAD, Time take from FormateScreenshotReader 2, 2.615886926651001
2021-03-22 17:08:19.162534,SCREENSHOT THREAD, Screen change detection [[screenshot_reader_0_0_3360_1080]], 0
2021-03-22 17:09:12.340575,MAIN THREAD,refresh,0
2021-03-22 17:09:12.446031,MAIN THREAD,refresh,0
2021-03-22 17:09:12.585900,MAIN THREAD,refresh,0
2021-03-22 17:09:42.450535,SCREENSHOT THREAD, Time take from FormateScreenshotReader 1, 30.10988998413086
2021-03-22 17:16:53.833350,MAIN THREAD,refresh,0
2021-03-22 17:16:53.935532,MAIN THREAD,refresh,0
2021-03-22 17:16:54.210694,MAIN THREAD,refresh,0
2021-03-22 17:17:23.652684,SCREENSHOT THREAD, Time take from FormateScreenshotReader 1, 29.81946325302124
2021-03-22 17:17:23.669726,MAIN THREAD,render button from screenshot,0
2021-03-22 17:17:24.436323,SCREENSHOT THREAD, Time take from FormateScreenshotReader 2, 0.7736001014709473
2021-03-22 17:17:28.473411,FormateScreenshot.py, going up to find parent screenshot for [screenshot_reader_21_11_6701_2150]
2021-03-22 17:17:28.473646,MAIN THREAD,render button from screenshot,0
2021-03-22 17:17:28.504591,SCREENSHOT THREAD, Screen change detection [[screenshot_reader_0_0_3360_1080]], 0
2021-03-22 17:17:30.121875,SCREENSHOT THREAD, Time take from FormateScreenshotReader 1, 1.5984888076782227
2021-03-22 17:17:30.151193,FormateScreenshot.py, replace [screenshot_reader_0_0_3360_1080] by [screenshot_reader_0_0_3360_1080]
2021-03-22 17:17:30.164031,MAIN THREAD,render button from screenshot,0
2021-03-22 17:17:31.710697,SCREENSHOT THREAD, Time take from FormateScreenshotReader 2, 1.5539379119873047
2021-03-22 17:17:35.998244,FormateScreenshot.py, going up to find parent screenshot for [screenshot_reader_329_418_6591_2133]
2021-03-22 17:17:36.027917,MAIN THREAD,render button from screenshot,0
2021-03-22 17:17:36.039627,SCREENSHOT THREAD, Screen change detection [[screenshot_reader_0_0_3360_1080]], 0
2021-03-22 17:17:38.364574,SCREENSHOT THREAD, Time take from FormateScreenshotReader 1, 2.271691083908081
2021-03-22 17:17:38.474797,FormateScreenshot.py, replace [screenshot_reader_0_0_3360_1080] by [screenshot_reader_0_0_3360_1080]
2021-03-22 17:17:38.508153,MAIN THREAD,render button from screenshot,0
2021-03-22 17:17:38.595339,MAIN THREAD,refresh,0
2021-03-22 17:44:48.936870,MAIN THREAD,refresh,0
2021-03-22 17:44:49.062419,MAIN THREAD,refresh,0
2021-03-22 17:44:49.278574,MAIN THREAD,refresh,0
2021-03-22 17:44:49.373548,SCREENSHOT THREAD, Time take from FormateScreenshotReader 1, 0.43678927421569824
2021-03-22 17:46:13.422535,MAIN THREAD,refresh,0
2021-03-22 17:46:13.463034,MAIN THREAD,refresh,0
2021-03-22 17:46:13.633019,MAIN THREAD,refresh,0
2021-03-22 17:46:13.788936,SCREENSHOT THREAD, Time take from FormateScreenshotReader 1, 0.36667704582214355
2021-03-22 17:46:13.794474,MAIN THREAD,render button from screenshot,0
2021-03-22 17:47:13.280849,MAIN THREAD,refresh,0
2021-03-22 17:47:13.314461,MAIN THREAD,refresh,0
2021-03-22 17:47:13.412811,MAIN THREAD,refresh,0
2021-03-22 17:47:13.663649,SCREENSHOT THREAD, Time take from FormateScreenshotReader 1, 0.38305091857910156
2021-03-22 17:47:13.681650,MAIN THREAD,render button from screenshot,0
2021-03-22 17:47:36.385971,SCREENSHOT THREAD, Time take from FormateScreenshotReader 2, 22.717589139938354
2021-03-22 17:47:39.650142,FormateScreenshot.py, going up to find parent screenshot for [screenshot_reader_0_11_6720_2150]
2021-03-22 17:47:39.650668,MAIN THREAD,render button from screenshot,0
2021-03-22 17:47:39.651473,SCREENSHOT THREAD, Screen change detection [[screenshot_reader_0_0_3360_1080]], 0
2021-03-22 17:47:41.339162,SCREENSHOT THREAD, Time take from FormateScreenshotReader 1, 1.6871311664581299
2021-03-22 17:47:41.353580,FormateScreenshot.py, replace [screenshot_reader_0_0_3360_1080] by [screenshot_reader_0_0_3360_1080]
2021-03-22 17:48:58.535342,MAIN THREAD,refresh,0
2021-03-22 17:48:58.566386,MAIN THREAD,refresh,0
2021-03-22 17:48:58.778995,MAIN THREAD,refresh,0
2021-03-22 17:49:18.371263,SCREENSHOT THREAD, Time take from FormateScreenshotReader 1, 19.83492088317871
2021-03-22 17:49:18.394350,MAIN THREAD,render button from screenshot,0
2021-03-22 17:49:19.186466,SCREENSHOT THREAD, Time take from FormateScreenshotReader 2, 0.8043708801269531
2021-03-22 17:49:23.153046,SCREENSHOT THREAD, Screen change detection [[screenshot_reader_0_0_3360_1080]], 0
2021-03-22 17:49:23.153233,FormateScreenshot.py, going up to find parent screenshot for [screenshot_reader_21_11_6701_2150]
2021-03-22 17:49:23.153708,MAIN THREAD,render button from screenshot,0
2021-03-22 17:49:24.436216,SCREENSHOT THREAD, Time take from FormateScreenshotReader 1, 1.2775049209594727
2021-03-22 17:49:24.522497,FormateScreenshot.py, replace [screenshot_reader_0_0_3360_1080] by [screenshot_reader_0_0_3360_1080]
2021-03-22 17:50:06.405853,MAIN THREAD,refresh,0
2021-03-22 17:50:06.516530,MAIN THREAD,refresh,0
2021-03-22 17:50:06.668062,MAIN THREAD,refresh,0
2021-03-22 17:50:06.848425,SCREENSHOT THREAD, Time take from FormateScreenshotReader 1, 0.4427640438079834
2021-03-22 17:50:06.861965,MAIN THREAD,render button from screenshot,0
2021-03-22 17:50:08.221247,SCREENSHOT THREAD, Time take from FormateScreenshotReader 2, 1.3659017086029053
2021-03-22 17:50:11.481887,FormateScreenshot.py, going up to find parent screenshot for [screenshot_reader_0_11_6720_2150]
2021-03-22 17:50:11.485759,MAIN THREAD,render button from screenshot,0
2021-03-22 17:50:11.485824,SCREENSHOT THREAD, Screen change detection [[screenshot_reader_0_0_3360_1080]], 0
2021-03-22 17:50:12.702183,SCREENSHOT THREAD, Time take from FormateScreenshotReader 1, 1.2077839374542236
2021-03-22 17:50:12.724965,FormateScreenshot.py, replace [screenshot_reader_0_0_3360_1080] by [screenshot_reader_0_0_3360_1080]
2021-03-22 17:50:12.725420,MAIN THREAD,render button from screenshot,0
2021-03-22 17:50:47.686855,SCREENSHOT THREAD, Time take from FormateScreenshotReader 2, 34.9516019821167
2021-03-22 17:50:52.126907,FormateScreenshot.py, going up to find parent screenshot for [screenshot_reader_357_50_6720_2050]
2021-03-22 17:50:52.143835,SCREENSHOT THREAD, Screen change detection [[screenshot_reader_0_0_3360_1080]], 0
2021-03-22 17:50:52.182343,MAIN THREAD,render button from screenshot,0
2021-03-22 17:50:55.355371,SCREENSHOT THREAD, Time take from FormateScreenshotReader 1, 3.0803351402282715
2021-03-22 17:50:55.500619,FormateScreenshot.py, replace [screenshot_reader_0_0_3360_1080] by [screenshot_reader_0_0_3360_1080]
2021-03-22 17:50:55.584230,MAIN THREAD,render button from screenshot,0
2021-03-22 17:50:59.608185,SCREENSHOT THREAD, Time take from FormateScreenshotReader 2, 4.046357870101929
2021-03-22 17:51:05.483977,SCREENSHOT THREAD, Screen change detection [[screenshot_reader_0_0_3360_1080]], 0
2021-03-22 17:51:05.501751,FormateScreenshot.py, going up to find parent screenshot for [screenshot_reader_0_50_6720_2069]
2021-03-22 17:51:05.581701,MAIN THREAD,render button from screenshot,0
2021-03-22 17:51:09.312748,SCREENSHOT THREAD, Time take from FormateScreenshotReader 1, 3.702122926712036
2021-03-22 17:51:09.501903,FormateScreenshot.py, replace [screenshot_reader_0_0_3360_1080] by [screenshot_reader_0_0_3360_1080]
2021-03-22 17:51:09.714852,MAIN THREAD,render button from screenshot,0
2021-03-22 17:51:18.086048,SCREENSHOT THREAD, Time take from FormateScreenshotReader 2, 8.418570041656494
2021-03-22 17:51:27.467021,FormateScreenshot.py, going up to find parent screenshot for [screenshot_reader_0_50_6720_2049]
2021-03-22 17:51:27.557943,SCREENSHOT THREAD, Screen change detection [[screenshot_reader_0_0_3360_1080]], 0
2021-03-22 17:51:27.682068,MAIN THREAD,render button from screenshot,0
2021-03-22 17:51:30.034070,SCREENSHOT THREAD, Time take from FormateScreenshotReader 1, 2.209021806716919
2021-03-22 17:51:30.228150,FormateScreenshot.py, replace [screenshot_reader_0_0_3360_1080] by [screenshot_reader_0_0_3360_1080]
2021-03-22 17:51:30.264233,MAIN THREAD,render button from screenshot,0
2021-03-22 17:52:19.001942,SCREENSHOT THREAD, Time take from FormateScreenshotReader 2, 47.9363169670105
2021-03-22 17:52:25.506551,SCREENSHOT THREAD, Screen change detection [[screenshot_reader_0_0_3360_1080]], 0
2021-03-22 17:52:26.117652,FormateScreenshot.py, going up to find parent screenshot for [screenshot_reader_0_0_6720_2150]
2021-03-22 17:52:27.378212,MAIN THREAD,render button from screenshot,0
2021-03-22 19:05:47.820322,MAIN THREAD,refresh,0
2021-03-22 19:05:47.926384,MAIN THREAD,refresh,0
2021-03-22 19:05:48.209290,SCREENSHOT THREAD, Time take from FormateScreenshotReader 1, 0.39107203483581543
2021-03-22 19:05:48.471831,MAIN THREAD,render button from screenshot,0
2021-03-22 19:05:48.473767,MAIN THREAD,refresh,0
2021-03-22 19:05:48.641838,SCREENSHOT THREAD, Time take from FormateScreenshotReader 2, 0.431854248046875
2021-03-22 19:05:51.825626,SCREENSHOT THREAD, Screen change detection [[screenshot_reader_0_0_1440_900]], 0
2021-03-22 19:05:51.826416,FormateScreenshot.py, going up to find parent screenshot for [screenshot_reader_1378_419_2804_1678]
2021-03-22 19:05:51.827280,MAIN THREAD,render button from screenshot,0
2021-03-22 19:05:52.473867,SCREENSHOT THREAD, Time take from FormateScreenshotReader 1, 0.6396539211273193
2021-03-22 19:05:52.485408,FormateScreenshot.py, replace [screenshot_reader_0_0_1440_900] by [screenshot_reader_0_0_1440_900]
2021-03-22 19:05:52.495254,MAIN THREAD,render button from screenshot,0
2021-03-22 19:06:28.066757,SCREENSHOT THREAD, Time take from FormateScreenshotReader 2, 35.5807900428772
2021-03-22 19:06:31.457982,FormateScreenshot.py, going up to find parent screenshot for [screenshot_reader_0_50_2880_1698]
2021-03-22 19:06:31.471198,MAIN THREAD,render button from screenshot,0
2021-03-22 19:06:31.471318,SCREENSHOT THREAD, Screen change detection [[screenshot_reader_0_0_1440_900]], 0
2021-03-22 19:06:32.460572,SCREENSHOT THREAD, Time take from FormateScreenshotReader 1, 0.9184348583221436
2021-03-22 19:06:32.573074,FormateScreenshot.py, replace [screenshot_reader_0_0_1440_900] by [screenshot_reader_0_0_1440_900]
2021-03-22 19:06:32.573312,MAIN THREAD,render button from screenshot,0
2021-03-22 19:06:34.251127,SCREENSHOT THREAD, Time take from FormateScreenshotReader 2, 1.6781198978424072
2021-03-22 19:06:38.011351,FormateScreenshot.py, going up to find parent screenshot for [screenshot_reader_0_50_2880_1790]
2021-03-22 19:06:38.042166,MAIN THREAD,render button from screenshot,0
2021-03-22 19:06:38.081753,SCREENSHOT THREAD, Screen change detection [[screenshot_reader_0_0_1440_900]], 0
2021-03-22 19:06:39.322024,SCREENSHOT THREAD, Time take from FormateScreenshotReader 1, 1.2398271560668945
2021-03-22 19:06:39.334977,FormateScreenshot.py, replace [screenshot_reader_0_0_1440_900] by [screenshot_reader_0_0_1440_900]
2021-03-22 19:06:39.335241,MAIN THREAD,render button from screenshot,0
2021-03-22 19:06:41.090229,SCREENSHOT THREAD, Time take from FormateScreenshotReader 2, 1.757822036743164
2021-03-22 19:06:44.866378,FormateScreenshot.py, going up to find parent screenshot for [screenshot_reader_0_166_2880_1790]
2021-03-22 19:06:44.866708,MAIN THREAD,render button from screenshot,0
2021-03-22 19:06:44.951703,SCREENSHOT THREAD, Screen change detection [[screenshot_reader_0_0_1440_900]], 0
2021-03-22 19:10:03.499673,MAIN THREAD,refresh,0
2021-03-22 19:10:03.554175,MAIN THREAD,refresh,0
2021-03-22 19:10:03.797101,MAIN THREAD,refresh,0
2021-03-22 19:10:04.040996,SCREENSHOT THREAD, Time take from FormateScreenshotReader 1, 0.539996862411499
2021-03-22 19:10:04.086670,MAIN THREAD,render button from screenshot,0
2021-03-22 19:10:53.832508,MAIN THREAD,refresh,0
2021-03-22 19:10:53.880042,MAIN THREAD,refresh,0
2021-03-22 19:10:53.982457,MAIN THREAD,refresh,0
2021-03-22 19:10:54.227762,SCREENSHOT THREAD, Time take from FormateScreenshotReader 1, 0.39545392990112305
2021-03-22 19:10:54.326449,MAIN THREAD,render button from screenshot,0
2021-03-22 19:11:26.357172,MAIN THREAD,refresh,0
2021-03-22 19:11:26.563747,MAIN THREAD,refresh,0
2021-03-22 19:11:26.870270,MAIN THREAD,refresh,0
2021-03-22 19:11:27.026170,SCREENSHOT THREAD, Time take from FormateScreenshotReader 1, 0.6752381324768066
2021-03-22 19:11:27.039415,MAIN THREAD,render button from screenshot,0
2021-03-22 19:11:27.344710,SCREENSHOT THREAD, Time take from FormateScreenshotReader 2, 0.31784772872924805
2021-03-22 19:11:30.706778,FormateScreenshot.py, going up to find parent screenshot for [screenshot_reader_115_12_2829_1800]
2021-03-22 19:11:30.706986,SCREENSHOT THREAD, Screen change detection [[screenshot_reader_0_0_1440_900]], 0
2021-03-22 19:11:30.719386,MAIN THREAD,render button from screenshot,0
